iso3,name,region,income_group,population,ghg_per_capita,total_ghg,gdp_per_capita,co2,coal_co2,renewable_pct,carbon_intensity,vulnerability,readiness,total_score,grade
ABW,Aruba,Americas,,107566,8.509621620178223,0.9169740676879883,35718.7531191634,0.8865839838981628,,17,550,,,63,4
AFG,Afghanistan,Asia,,43844000,0.9329470992088318,15.366217613220215,413.757894705303,10.516319274902344,3.86667799949646,86.598,123.711,,,78.7,5
AGO,Angola,Africa,,36170961,4.375890731811523,49.92201232910156,2916.13663284275,21.674816131591797,,76.421,167.224,,,76.5,5
AIA,Anguilla,Americas,,16010,,,,0.14260700345039368,,,,,,,
ALA,Åland Islands,Europe,,30654,,,,,,,,,,,
ALB,Albania,Europe,,2363314,2.5053598880767822,5.496903896331787,9730.86921906893,4.417333126068115,0.5136250257492065,100,24.417,,,82,6
AND,Andorra,Europe,,88406,6.5166544914245605,0.4546792805194855,46812.4261013102,0.41809800267219543,0,,,,,,
ARE,United Arab Emirates,Asia,,11294243,23.47967529296875,247.633544921875,49850.6872175164,210.42510986328125,4.012220859527588,8.38,492.698,,,56.8,3
ARG,Argentina,Americas,,46735004,9.379297256469727,205.7686767578125,14261.8465667948,178.40699768066406,4.2263689041137695,34.098,353.958,,,66.3,4
ARM,Armenia,Asia,,3076200,3.5346691608428955,8.521516799926758,8159.08720967996,7.430227756500244,0.04047999903559685,27.977,262.428,,,66.7,4
ASM,American Samoa,Oceania,,49710,,,18017.4589383973,,,0,647.059,,,51.5,3
ATA,Antarctica,Antarctic,,1300,,,,0,,,,,,,
ATF,French Southern and Antarctic Lands,Antarctic,,400,,,,,,,,,,,
ATG,Antigua and Barbuda,Americas,,103603,7.494749546051025,0.6932476758956909,21494.5474000727,0.6405329704284668,,5.556,611.111,,,60,4
AUS,Australia,Oceania,,27536874,23.1173038482666,459.3740234375,65058.3773146674,384.3160705566406,140.98240661621094,34.876,556.296,0.318,0.675,70.1,5
AUT,Austria,Europe,,9200931,7.578158378601074,62.41471862792969,56579.504175468,56.90895462036133,11.146231651306152,84.713,111.613,,,79.4,5
AZE,Azerbaijan,Asia,,10241722,5.8549299240112305,51.79734420776367,7133.02838048328,42.74819564819336,0.04397200047969818,6.531,669.99,,,58.4,3
BDI,Burundi,Africa,,12332788,0.6785079836845398,3.9643774032592773,250.627253097255,0.9007160067558289,0.05063899978995323,69.231,230.769,,,74.8,5
BEL,Belgium,Europe,,11825551,9.138999938964844,95.67281341552734,55291.4754541329,84.70336151123047,10.431392669677734,33.443,134.915,,,69.4,4
BEN,Benin,Africa,,13224860,2.855956792831421,10.194464683532715,1394.17784721831,5.927823066711426,0.40476998686790466,3,590,,,59.8,3
BES,Caribbean Netherlands,Americas,,31980,,,,0.1462640017271042,0,,,,,,
BFA,Burkina Faso,Africa,,24070553,2.5363399982452393,12.886021614074707,873.482589651003,6.308441162109375,,17.341,554.913,,,62.7,4
BGD,Bangladesh,South Asia,Lower middle income,169828911,1.3688856363296509,132.20547485351562,2551.01773827307,104.52667236328125,23.837383270263672,1.62,683.12,0.568383,0.279308,49.6,2
BGR,Bulgaria,Europe,,6437360,6.375943183898926,42.0294075012207,15853.208636704,34.500946044921875,13.960909843444824,25.131,338.07,,,64.4,4
BHR,Bahrain,Asia,,1594654,40.08789825439453,62.87900924682617,29290.1284215098,38.78669357299805,,0.249,902.405,,,47.6,2
BHS,Bahamas,Americas,,398165,8.386436462402344,3.3274128437042236,38231.774484278,2.9561219215393066,0.0037869999650865793,0.976,653.659,,,60,4
BIH,Bosnia and Herzegovina,Europe,,3422000,8.504802703857422,25.08536148071289,8663.02326458629,19.881309509277344,14.389363288879395,39.182,612.33,,,63.7,4
BLM,Saint Barthélemy,Americas,,10562,,,,,,,,,,,
BLR,Belarus,Europe,,9109280,10.414688110351562,66.04859924316406,7896.75388295584,55.73606491088867,3.4616479873657227,3.075,364.387,,,59.7,3
BLZ,Belize,Americas,,417634,20.604040145874023,1.117652177810669,7424.75821321022,0.7664510011672974,,88.889,155.556,,,79.1,5
BMU,Bermuda,Americas,,64055,,,132604.439086216,0.529653012752533,0,1.562,640.625,,,66.5,4
BOL,Bolivia,Americas,,11365333,12.439516067504883,29.338991165161133,4274.70820547613,24.620519638061523,0.024289000779390335,35.008,489.112,,,65.8,4
BRA,Brazil,Latin America & Caribbean,Upper middle income,213421037,13.345686912536621,679.5128784179688,10377.5897719195,483.991943359375,54.905818939208984,88.941,96.396,0.36852,0.350466,73.8,5
BRB,Barbados,Americas,,267800,5.293061256408691,1.465204119682312,25583.878782727,1.3167330026626587,,8.182,600,,,61.4,4
BRN,Brunei,Asia,,455500,33.95487976074219,14.750836372375488,32890.5491812019,12.502692222595215,2.98124098777771,0,892.665,,,49.4,2
BTN,Bhutan,Asia,,784043,10.124429702758789,2.4895401000976562,3831.32535494609,1.629647970199585,0.8407589793205261,100,24.194,,,81.5,6
BVT,Bouvet Island,Antarctic,,0,,,,,,,,,,,
BWA,Botswana,Africa,,2359609,8.668120384216309,10.211204528808594,7826.35376483298,7.248676776885986,4.174177169799805,0.386,849.421,,,56.4,3
CAF,Central African Republic,Africa,,6470307,12.017012596130371,3.006319999694824,495.978897288721,0.38927900791168213,,100,0,,,82.3,6
CAN,Canada,Americas,,41651653,20.99415397644043,648.4931030273438,54220.3285039875,545.478515625,36.38423156738281,66.514,165.148,0.31,0.685,76,5
CCK,Cocos (Keeling) Islands,Oceania,,593,,,,,,,,,,,
CHE,Switzerland,Europe,,9082848,4.502466201782227,34.42124938964844,100623.549627296,31.97748565673828,0.3543339967727661,62.705,38.007,,,80.5,6
CHL,Chile,Americas,,20206953,5.403839111328125,94.48703002929688,17067.0364799154,77.60421752929688,11.730883598327637,64.401,301.928,,,72.6,5
CHN,China,Asia,,1408280000,9.795129776000977,13532.3955078125,12951.1782397043,12172.0087890625,8740.890625,30.605,583.608,0.385,0.445,49.5,2
CIV,Ivory Coast,Africa,,31719275,4.3854594230651855,23.959659576416016,2591.9659048119,14.052435874938965,,31.087,393.531,,,66.5,4
CMR,Cameroon,Africa,,29442327,2.280221939086914,23.736526489257812,1720.47510154506,9.694864273071289,,63.866,285.714,,,73.3,5
COD,DR Congo,Africa,,112832000,6.605055332183838,45.070308685302734,660.21205238997,5.8810858726501465,0.06996700167655945,100,27.044,,,82.1,6
COG,Republic of the Congo,Africa,,6142180,6.909847259521484,23.608190536499023,2477.97845544866,8.274272918701172,,20.696,713.733,,,61.5,4
COK,Cook Islands,Oceania,,15040,5.971723556518555,0.08413849771022797,,0.07658100128173828,,50,250,,,,
COL,Colombia,Americas,,53057212,4.573222637176514,129.2628631591797,7000.83660501046,89.99234008789062,19.656869888305664,65.97,268.967,,,73.4,5
COM,Comoros,Africa,,919901,1.2003711462020874,0.8957204222679138,1560.27378476855,0.5421299934387207,,0,642.857,,,58.8,3
CPV,Cape Verde,Africa,,491233,1.5563229322433472,0.6955440044403076,4794.90121917259,0.5714929699897766,,28,480,,,65.1,4
CRI,Costa Rica,Americas,,5309625,2.904000759124756,11.21774959564209,16942.0268119375,8.472529411315918,0.06879899650812149,99.915,24.765,,,82.5,6
CUB,Cuba,Americas,,9748007,3.498295307159424,29.651277542114258,9605.27914559614,23.47027015686035,0.0037869999650865793,4.709,638.98,,,59.5,3
CUW,Curaçao,Americas,,156115,,,21217.8110321785,2.204922914505005,0,,,,,,
CXR,Christmas Island,Oceania,,1692,,,,0,,,,,,,
CYM,Cayman Islands,Americas,,84738,,,99143.5180243123,,,2.857,642.857,,,56.3,3
CYP,Cyprus,Europe,,1442614,6.930797576904297,9.415083885192871,36623.69140625,7.188088893890381,0.10115700215101242,20.151,534.84,,,63.5,4
CZE,Czechia,Europe,,10882341,8.607144355773926,95.89529418945312,31761.5944102491,83.23224639892578,43.041847229003906,14.708,442.554,,,61.5,4
DEU,Germany,Europe & Central Asia,High income,83491249,8.084842681884766,629.89892578125,54776.7668235491,593.7659912109375,186.15667724609375,53.29,371.311,0.301489,0.681611,73.6,5
DJI,Djibouti,Africa,,1066809,1.8140403032302856,1.295340657234192,3381.29779710722,0.5575590133666992,,35,450,,,66.7,4
DMA,Dominica,Americas,,67408,2.9545130729675293,0.19780567288398743,9912.96212766668,0.1645369976758957,,13.333,600,,,61.8,4
DNK,Denmark,Europe,,6011488,7.8415350914001465,33.77995300292969,68043.5466971243,28.83118438720703,2.6325740814208984,87.007,149.807,,,81.2,6
DOM,Dominican Republic,Americas,,10771504,4.170285224914551,37.4366455078125,10630.431743829,31.828554153442383,7.678460121154785,17.264,579.397,,,61.9,4
DZA,Algeria,Africa,,47400000,6.042624473571777,265.2669677734375,5370.477235078,202.84664916992188,0.7341129779815674,0.945,633.645,,,57.5,3
ECU,Ecuador,Americas,,18103660,3.4583709239959717,59.11298751831055,6737.84748379638,44.59959030151367,,76.779,176.281,,,75.9,5
EGY,Egypt,Africa,,107271260,2.819051742553711,297.57086181640625,3456.78968456253,250.23019409179688,8.639142036437988,11.266,574.044,0.438,0.345,50.3,3
ERI,Eritrea,Africa,,3607000,2.966407060623169,2.248508930206299,688.68165957684,0.7310349941253662,,11.364,590.909,,,61.3,4
ESH,Western Sahara,Africa,,600904,,,,,,0,666.667,,,,
ESP,Spain,Europe,,49315949,5.644022464752197,239.57766723632812,33493.2225409111,215.46075439453125,12.5361967086792,51.64,169.275,,,71.9,5
EST,Estonia,Europe,,1369995,9.491191864013672,10.009852409362793,30264.0064885057,8.744256973266602,4.973825931549072,49.744,388.034,,,68.2,4
ETH,Ethiopia,Africa,,111652998,1.876068353652954,57.64994430541992,1055.81091592527,17.570661544799805,2.8383870124816895,100,23.549,,,82.1,6
FIN,Finland,Europe,,5650325,15.680033683776855,37.92491149902344,52834.2916752703,31.798999786376953,9.391268730163574,51.824,81.44,,,73.4,5
FJI,Fiji,Oceania,,900869,1.3830337524414062,1.9225599765777588,5926.20586394763,1.3820960521697998,0,63.478,278.261,,,73.1,5
FLK,Falkland Islands,Americas,,3662,,,,,,0,1000,,,,
FRA,France,Europe,,66351959,5.194771766662598,301.159912109375,44700.1384177544,270.2626647949219,19.542221069335938,26.471,55.275,0.305,0.67,75.1,5
FRO,Faroe Islands,Europe,,54885,,,72465.3769660215,0.7136589884757996,,45.833,354.167,,,73.4,5
FSM,Micronesia,Oceania,,105564,1.7788887023925781,0.14951299130916595,3919.64307910859,0.14403699338436127,,,,,,75.4,5
GAB,Gabon,Africa,,2469296,11.18725872039795,20.440685272216797,7802.82433276138,5.320943832397461,,47.962,429.467,,,68.9,4
GBR,United Kingdom,Europe,,69281437,5.628915309906006,329.24591064453125,49944.4702124201,307.8261413574219,17.914283752441406,47.328,228.246,0.298,0.695,77.3,5
GEO,Georgia,Asia,,4000921,3.3152554035186768,14.924304008483887,8283.66960652261,11.922203063964844,0.8539829850196838,76.042,168.056,,,75.5,5
GGY,Guernsey,Europe,,64781,,,,,,,,,,,
GHA,Ghana,Africa,,33742380,1.5122027397155762,34.253570556640625,2383.90410483418,20.135648727416992,,38.534,452.861,,,67.2,4
GIB,Gibraltar,Europe,,38000,,,,,,0,590.909,,,,
GIN,Guinea,Africa,,14363931,5.446195125579834,9.115676879882812,1555.49375806861,3.8750269412994385,,74.815,182.716,,,76.2,5
GLP,Guadeloupe,Americas,,378561,,,,,,34.756,493.902,,,,
GMB,Gambia,Africa,,2422712,1.0973457098007202,1.3895622491836548,883.024111719809,0.7726349830627441,,0,666.667,,,58.7,3
GNB,Guinea-Bissau,Africa,,1781308,3.673077344894409,1.2280656099319458,988.087886357022,0.3293420076370239,,0,625,,,59.1,3
GNQ,Equatorial Guinea,Africa,,1668768,6.392467975616455,9.871074676513672,6677.793435386,6.913362979888916,,31.21,605.096,,,64.1,4
GRC,Greece,Europe,,10400720,5.464576721191406,59.59953689575195,23343.7103964562,51.988224029541016,6.531175136566162,49.724,337.088,,,69.7,4
GRD,Grenada,Americas,,109021,3.3098695278167725,0.4047618806362152,11414.4781691181,0.36297300457954407,,0,666.667,,,58.8,3
GRL,Greenland,Americas,,56542,,,58498.9707973609,0.6089550256729126,,87.037,111.111,,,78.5,5
GTM,Guatemala,Americas,,18079810,3.653320074081421,31.874759674072266,5758.32760847852,19.736068725585938,1.6683650016784668,74.517,272.66,,,75.3,5
GUF,French Guiana,Americas,,292354,,,,,,71.429,204.082,,,,
GUM,Guam,Oceania,,153836,,,41833.1517132825,,,7.778,611.111,,,55.6,3
GUY,Guyana,Americas,,772975,15.472132682800293,6.531551837921143,20473.7002190617,4.378932952880859,0,6.716,634.328,,,59.5,3
HKG,Hong Kong,Asia,,7527500,5.181136608123779,38.51189041137695,50562.3633144379,32.957054138183594,13.289175987243652,0.956,681.987,,,60.1,4
HMD,Heard Island and McDonald Islands,Antarctic,,0,,,,,,,,,,,
HND,Honduras,Americas,,9892632,3.156280994415283,16.858610153198242,3227.45762509776,12.404354095458984,0.003664999967440963,61.571,289.496,,,72.7,5
HRV,Croatia,Europe,,3866233,5.784372806549072,21.553848266601562,22184.2279304842,18.46759796142578,1.3782919645309448,69.762,197.33,,,74.5,5
HTI,Haiti,Americas,,11867032,1.0526723861694336,8.927886962890625,1705.75808460999,2.864751100540161,,18.812,534.654,,,63.2,4
HUN,Hungary,Europe,,9539502,5.022878170013428,48.03031539916992,22230.6277875187,40.34386444091797,4.315374851226807,26.351,196.227,,,66.9,4
IDN,Indonesia,Asia,,284438782,6.902261257171631,1093.8724365234375,4876.30774512252,762.3575439453125,399.05059814453125,18.597,682.43,0.455,0.385,51.6,3
IMN,Isle of Man,Europe,,84530,,,88328.548125887,,,,,,,,
IND,India,Asia,,1417492000,2.8659417629241943,3431.96826171875,2530.12031278204,3062.75634765625,2032.047607421875,19.506,713.013,0.48,0.37,45.9,2
IOT,British Indian Ocean Territory,Africa,,0,,,,,,,,,,,
IRL,Ireland,Europe,,5458600,11.646695137023926,36.10594177246094,106818.917130804,33.56793975830078,2.6854360103607178,44.962,283.801,,,74.5,5
IRN,Iran,Asia,,85961000,11.049864768981934,949.4039916992188,5049.29931642754,789.6758422851562,6.263209819793701,6.47,641.732,,,55.5,3
IRQ,Iraq,Asia,,46118793,8.790264129638672,387.1495361328125,5965.31835077761,227.90969848632812,0.006389999762177467,1.171,689.401,,,56.6,3
ISL,Iceland,Europe,,391810,12.322463035583496,3.8339505195617676,82138.7892973557,3.508234977722168,0.6712700128555298,100,28.33,,,83.6,6
ISR,Israel,Asia,,10134800,7.205275058746338,64.80078125,52003.7200729997,55.381996154785156,11.508293151855469,10.509,567.262,,,62.2,4
ITA,Italy,Europe,,58927633,6.179476737976074,336.71826171875,39277.0838783918,312.2906494140625,21.669166564941406,44.577,323.448,,,69,4
JAM,Jamaica,Americas,,2825544,3.058194875717163,8.608062744140625,7542.40084275345,8.068915367126465,0.2272000014781952,12.918,561.247,,,61.2,4
JEY,Jersey,Europe,,103267,,,,,,,,,,,
JOR,Jordan,Asia,,11734000,2.6952643394470215,29.19767951965332,4466.08314208575,23.119264602661133,1.4392369985580444,23.128,539.211,,,63.2,4
JPN,Japan,Asia,,123210000,8.29648208618164,1011.5563354492188,33836.1756271617,986.91015625,386.8386535644531,22.062,493.585,0.336,0.68,64.5,4
KAZ,Kazakhstan,Asia,,20426568,18.31309700012207,322.53753662109375,12879.4275257974,286.1748962402344,163.21746826171875,12.747,821.9,,,54.2,3
KEN,Kenya,Africa,,53330978,1.816469430923462,37.70582962036133,1942.58802756191,21.18572235107422,3.1555581092834473,89.836,96.951,,,79.6,5
KGZ,Kyrgyzstan,Asia,,7281800,3.0994791984558105,14.887024879455566,2138.22210211478,11.144427299499512,4.9986748695373535,85.652,150.765,,,78,5
KHM,Cambodia,Asia,,17577760,5.246326446533203,25.700822830200195,2429.74853452838,21.411502838134766,6.034371852874756,44.517,470.588,,,68,4
KIR,Kiribati,Oceania,,120740,0.8077874779701233,0.0971822440624237,2177.70125812262,0.0692870020866394,,25,500,,,64.5,4
KNA,Saint Kitts and Nevis,Americas,,51320,6.033127307891846,0.2851220965385437,22576.9248439166,0.2501470148563385,,4.545,636.364,,,60,4
KOR,South Korea,East Asia & Pacific,High income,51159889,12.230706214904785,624.1875610351562,35674.095995632,589.178466796875,263.8859558105469,9.019,432.111,0.356707,0.722298,63.7,4
KWT,Kuwait,Asia,,4881254,33.80329895019531,163.00039672851562,34075.849012909,123.16871643066406,0.6210749745368958,2.232,636.905,,,51.4,3
LAO,Laos,Asia,,7647000,8.229655265808105,27.692384719848633,2066.94979776957,24.157068252563477,16.55929183959961,76.711,232.122,,,74.8,5
LBN,Lebanon,Asia,,5490000,3.5472288131713867,19.732717514038086,3477.72489842684,15.558804512023926,0.08626599609851837,47.345,369.469,,,67,4
LBR,Liberia,Africa,,5248621,4.466468811035156,3.4209675788879395,799.194470229642,0.8340010046958923,,33.333,435.897,,,66.6,4
LBY,Libya,Africa,,7459000,12.849150657653809,91.21075439453125,6026.51518708812,64.21908569335938,0,0.028,830.533,,,53.7,3
LCA,Saint Lucia,Americas,,184100,3.064155101776123,0.5632486939430237,13554.7684784933,0.5170459747314453,,2.5,650,,,59.5,3
LIE,Liechtenstein,Europe,,40900,3.6842453479766846,0.14212775230407715,206780.590353385,0.1312209963798523,0,,,,,,
LKA,Sri Lanka,Asia,,21763170,1.7856578826904297,25.622825622558594,3798.89016573011,19.166019439697266,5.281565189361572,47.624,509.781,,,68.3,4
LSO,Lesotho,Africa,,2116427,2.7067477703094482,3.353863000869751,916.282976983803,2.4936330318450928,1.5706950426101685,100,20.833,,,82,6
LTU,Lithuania,Europe,,2894886,7.761897563934326,15.3770170211792,27786.0057829276,12.507402420043945,0.46539899706840515,83.493,120.921,,,78.2,5
LUX,Luxembourg,Europe,,681973,11.68285083770752,7.0373921394348145,133230.619178899,6.840733051300049,0.17482100427150726,89.209,122.302,,,81.5,6
LVA,Latvia,Europe,,1829000,7.382869243621826,8.075411796569824,22710.2637544197,6.589882850646973,0.06019499897956848,77.708,119.309,,,77.2,5
MAC,Macau,Asia,,685900,1.6161671876907349,1.1505308151245117,67216.3631112124,1.0428650379180908,0,40.816,448.98,,,71,5
MAF,Saint Martin,Americas,,31496,,,21668.3776525323,,,,,,,,
MAR,Morocco,Africa,,36828330,2.7036495208740234,92.35137939453125,3813.72607421875,68.96117401123047,25.266040802001953,21.715,616.816,,,62.3,4
MCO,Monaco,Europe,,38423,,,256799.788612806,,,,,,,,
MDA,Moldova,Europe,,2749076,2.203063726425171,7.0373148918151855,6799.58594644576,5.329302787780762,0.21695800125598907,12.079,625.743,,,60.1,4
MDG,Madagascar,Africa,,31727042,1.943827509880066,12.637142181396484,508.718427705591,4.446771144866943,1.3163570165634155,35.227,477.273,,,66.6,4
MDV,Maldives,Asia,,515132,4.6186981201171875,2.4284496307373047,12587.6126038651,2.205333948135376,,7.059,611.765,,,59.8,3
MEX,Mexico,Americas,,130575786,4.882774353027344,548.3052978515625,13860.9597809326,458.25384521484375,39.60019302368164,21.499,492.335,0.395,0.41,61.7,4
MHL,Marshall Islands,Oceania,,42418,,,6793.24495895856,0.1477220058441162,,,,,,75.6,5
MKD,North Macedonia,Europe,,1822612,4.897817134857178,8.416964530944824,8674.35846327485,7.338385105133057,3.182720899581909,32.272,567.294,,,63.9,4
MLI,Mali,Africa,,22395489,2.6955201625823975,10.69021224975586,1043.9533853528,6.743015766143799,,42.661,394.495,,,68.6,4
MLT,Malta,Europe,,574250,3.6627652645111084,1.8978005647659302,40905.8059585057,1.7680020332336426,0.000007000000096013537,13.617,493.617,,,64,4
MMR,Myanmar,Asia,,51316756,3.471250295639038,43.519718170166016,1233.19666209269,31.792970657348633,3.2408111095428467,38.186,588.945,,,65.9,4
MNE,Montenegro,Europe,,623327,2.0582244396209717,2.834613800048828,12259.8775034436,2.406848907470703,1.3341599702835083,61.137,407.583,,,57.7,3
MNG,Mongolia,Asia,,3544835,29.963424682617188,72.27633666992188,5838.63108083902,44.18366241455078,38.455570220947266,9.608,785.082,,,56.2,3
MNP,Northern Mariana Islands,Oceania,,47329,,,23785.754590043,,,,,,,,
MOZ,Mozambique,Africa,,34090466,1.7887020111083984,26.766361236572266,622.000297682823,9.093456268310547,0.03809799998998642,83.691,127.812,,,78.2,5
MRT,Mauritania,Africa,,4927532,3.58858585357666,6.966388702392578,2135.78187606359,5.036898136138916,0,27.439,481.707,,,64.9,4
MSR,Montserrat,Americas,,4386,,,,0.025596000254154205,,0,1000,,,,
MTQ,Martinique,Americas,,349925,,,,,,26.174,516.779,,,,
MUS,Mauritius,Africa,,1243741,4.209921360015869,5.226425647735596,11269.9684462139,4.587621212005615,1.574597954750061,17.431,633.028,,,61.3,4
MWI,Malawi,Africa,,20734262,1.2196598052978516,6.018246650695801,633.214767978695,1.8525680303573608,0.17333099246025085,95.628,54.645,,,81,6
MYS,Malaysia,Asia,,34231700,10.714271545410156,303.7167663574219,11386.0395636528,276.2967529296875,92.5707778930664,19.159,607.881,,,59.5,3
MYT,Mayotte,Africa,,320901,,,,,,,,,,,
NAM,Namibia,Africa,,3022401,5.76864767074585,5.076597213745117,4187.60500396525,3.4426639080047607,0.02811099961400032,97.884,47.619,,,81.3,6
NCL,New Caledonia,Oceania,,264596,,,33701.8923322781,5.068005084991455,2.616302013397217,26.214,585.76,,,58.8,3
NER,Niger,Africa,,26312034,1.9657553434371948,6.54838752746582,638.336080897887,3.13339900970459,0.3660460114479065,2.5,687.5,,,58.9,3
NFK,Norfolk Island,Oceania,,2188,,,,,,,,,,,
NGA,Nigeria,Sub-Saharan Africa,Lower middle income,223800000,1.710859775543213,293.14453125,2138.76383719983,129.3760986328125,3.7195229530334473,22.889,508.821,0.481085,0.252553,55.1,3
NIC,Nicaragua,Americas,,6803886,5.505866527557373,7.632867813110352,2609.44492072931,5.4282989501953125,,64.531,288.33,,,73.3,5
NIU,Niue,Oceania,,1681,4.606970310211182,0.007399116642773151,,0.0072929998859763145,,,,,,,
NLD,Netherlands,Europe,,18100436,8.295883178710938,126.87810516357422,63515.6030780019,117.0163803100586,17.23738670349121,47.301,268.68,,,70.9,5
NOR,Norway,Europe,,5606944,10.488692283630371,46.03498840332031,87497.2179649556,38.86899948120117,3.7523040771484375,98.469,30.483,,,84.4,6
NPL,Nepal,Asia,,29911840,1.9900327920913696,25.91023826599121,1382.33055769304,18.347820281982422,7.9404988288879395,100,23.364,,,82,6
NRU,Nauru,Oceania,,11680,5.143466949462891,0.05971314385533333,12752.4723855838,0.05870499834418297,,0,750,,,58.8,3
NZL,New Zealand,Oceania,,5324700,15.895441055297852,38.39171600341797,49075.9562832927,31.559814453125,3.863176107406616,87.642,104.423,,,79.8,5
OMN,Oman,Asia,,5343630,22.434629440307617,111.15667724609375,21027.7384778886,79.81063842773438,0.01759300008416176,4.044,545.879,,,53.4,3
PAK,Pakistan,Asia,,241499431,1.913934350013733,250.32569885253906,1360.32417758419,186.8608856201172,51.09157180786133,29.192,425.685,,,65.5,4
PAN,Panama,Americas,,4064780,4.828821182250977,14.908473014831543,18797.1933994045,13.002120971679688,2.4560348987579346,61.772,258.741,,,73.3,5
PCN,Pitcairn Islands,Oceania,,35,,,,,,,,,,,
PER,Peru,Americas,,34350244,4.356317520141602,79.22087860107422,7887.54185920108,66.06475067138672,2.6190640926361084,53.063,300.531,,,70.9,5
PHL,Philippines,Asia,,114123600,2.5304996967315674,193.0995635986328,3804.08274131097,160.98046875,84.1051025390625,21.942,612.539,,,62.5,4
PLW,Palau,Oceania,,16733,15.857203483581543,0.2793791592121124,15610.8231931032,0.21620899438858032,,,,,,26.5,1
PNG,Papua New Guinea,Oceania,,11781559,4.228689193725586,11.386286735534668,2966.06830432055,8.357749938964844,,23.679,513.742,,,64.2,4
POL,Poland,Europe,,37392000,8.8370361328125,321.8818359375,22145.2660647429,283.24346923828125,141.9240264892578,27.236,655.275,,,60.5,4
PRI,Puerto Rico,Americas,,3203295,,,36980.7884784287,,,5.377,660.804,,,51.7,3
PRK,North Korea,Asia,,25950000,3.434479236602783,79.09113311767578,,62.02499771118164,56.74594497680664,63.089,344.256,,,86.7,6
PRT,Portugal,Europe,,10749635,5.362008094787598,44.259071350097656,27634.6183139773,37.622039794921875,0.13297200202941895,74.497,158.259,,,76.5,5
PRY,Paraguay,Americas,,6109644,9.844616889953613,10.576542854309082,6299.99026533713,7.645687103271484,0,100,24.864,,,82,6
PSE,Palestine,Asia,,5483450,,,3455.02852911712,4.7553582191467285,,33.333,460.784,,,48.5,2
PYF,French Polynesia,Oceania,,279500,,,21832.2831795569,0.8824999928474426,,33.803,436.62,,,66.7,4
QAT,Qatar,Asia,,3173024,47.99644470214844,142.33860778808594,81816.9797967481,119.54435729980469,0.0036720000207424164,0.254,602.648,,,43.1,2
REU,Réunion,Africa,,896175,,,,,,34.125,525.223,,,,
ROU,Romania,Europe,,19036031,4.752768516540527,84.7193374633789,18244.4186876321,67.86602020263672,9.75430679321289,49.798,243.196,,,70.5,5
RUS,Russia,Europe,,146028325,18.378408432006836,2181.84814453125,14159.3876953125,1733.1346435546875,382.39459228515625,17.747,445.024,0.37,0.4,44.3,2
RWA,Rwanda,Africa,,14104969,0.6966643929481506,5.376999855041504,1027.03446826565,2.01601505279541,0.21566200256347656,56.604,301.887,,,72,5
SAU,Saudi Arabia,Asia,,35300280,24.123931884765625,789.1405639648438,36156.848337701,677.44189453125,0.6304579973220825,1.364,696.313,0.412,0.48,52.5,3
SDN,Sudan,Africa,,51662000,2.664956569671631,36.8172607421875,797.283447265625,17.71552276611328,0,70.149,214.328,,,75,5
SEN,Senegal,Africa,,18593258,1.9239916801452637,17.714557647705078,1698.03387300843,14.081856727600098,2.4291670322418213,21.739,535.404,,,63.5,4
SGP,Singapore,Asia,,6110200,10.071054458618164,58.1649169921875,85412.230345235,51.0676155090332,1.2747050523757935,4.536,500.872,,,62.5,4
SGS,South Georgia,Antarctic,,0,,,,,,,,,,,
SHN,"Saint Helena, Ascension and Tristan da Cunha",Africa,,5651,2.700113534927368,0.01264885812997818,,0.010970000177621841,,0,1000,,,,
SJM,Svalbard and Jan Mayen,Europe,,2530,,,,,,,,,,,
SLB,Solomon Islands,Oceania,,750325,4.295607566833496,0.5258491635322571,1882.64394148042,0.28176000714302063,,9.091,636.364,,,60.5,4
SLE,Sierra Leone,Africa,,9077691,1.961625576019287,4.1824541091918945,758.329137378248,1.3804349899291992,0,95.238,47.619,,,81,6
SLV,El Salvador,Americas,,6029976,1.4912844896316528,10.54825496673584,5365.44491399171,8.669881820678711,0,90.615,118.462,,,79.3,5
SMR,San Marino,Europe,,34132,,,59879.7173015651,,,,,,,,
SOM,Somalia,Africa,,19655000,2.5721497535705566,9.874446868896484,596.885985135589,1.2964190244674683,,19.048,523.81,,,63.4,4
SPM,Saint Pierre and Miquelon,Americas,,5819,,,,0.05327500030398369,,0,600,,,,
SRB,Serbia,Europe,,6567783,6.403093338012695,47.435855865478516,12281.707946167,42.907318115234375,25.679899215698242,34.695,641.562,,,47.1,2
SSD,South Sudan,Africa,,15786898,5.083556652069092,6.049597263336182,1080.14718624765,1.6662909984588623,0,6.78,610.17,,,38.9,1
STP,São Tomé and Príncipe,Africa,,209607,1.2928370237350464,0.21368247270584106,2990.6606143535,0.13983799517154694,,11.111,555.556,,,60.5,4
SUR,Suriname,Americas,,616500,9.022785186767578,3.3996422290802,5521.97602122638,2.868587017059326,0,42.991,383.178,,,67.4,4
SVK,Slovakia,Europe,,5413813,4.3753814697265625,37.448307037353516,24614.8734642794,30.76624298095703,10.151695251464844,22.723,115.137,,,66.6,4
SVN,Slovenia,Europe,,2130638,8.378463745117188,13.645943641662598,32660.4753581346,12.012164115905762,3.1008849143981934,40.514,225.08,,,69.4,4
SWE,Sweden,Europe,,10605098,5.446230411529541,43.01963806152344,54950.2834725622,36.708595275878906,6.5079522132873535,69.478,38.392,,,78.6,5
SWZ,Eswatini,Africa,,1235549,1.4176064729690552,,3755.52111232464,1.0296130180358887,0.17217899858951569,96.429,142.857,,,80.3,6
SXM,Sint Maarten,Americas,,41349,,,39451.8223361963,0.6910949945449829,0,,,,,,
SYC,Seychelles,Africa,,122729,5.857896327972412,0.7434723973274231,18262.7115849287,0.6413090229034424,,14.286,571.429,,,60.2,4
SYR,Syria,Asia,,25620000,1.6567572355270386,35.668312072753906,1051.67149587463,31.673643112182617,0.0061610001139342785,4.382,682.271,,,58.7,3
TCA,Turks and Caicos Islands,Americas,,50828,8.05417251586914,0.37227189540863037,35470.2151608295,0.3648270070552826,,0,653.846,,,59.1,3
TCD,Chad,Africa,,19340757,6.290970802307129,9.258176803588867,949.333453674592,2.8483939170837402,,5.128,615.385,,,60,4
TGO,Togo,Africa,,8095498,1.2871190309524536,7.026119709014893,1055.01727877926,2.6710128784179688,,20.652,478.261,,,64,4
THA,Thailand,Asia,,65859640,6.267803192138672,307.1758728027344,7195.10130919449,264.7336730957031,59.327091217041016,15.628,549.845,,,60.9,4
TJK,Tajikistan,Asia,,10499000,1.9924440383911133,13.207660675048828,1178.47990060249,10.26428508758545,3.8591320514678955,92.593,87.5,,,79.9,5
TKL,Tokelau,Oceania,,2608,,,,,,,,,,,
TKM,Turkmenistan,Asia,,7057841,18.0184326171875,112.81452178955078,6231.91323839698,95.42076873779297,0.000003999999989900971,0.03,1306.304,,,47.5,2
TLS,Timor-Leste,Asia,,1391221,3.5160064697265625,0.939559280872345,1502.41147438211,0.6367170214653015,,0,666.667,,,58.6,3
TON,Tonga,Oceania,,100179,2.631551504135132,0.19128607213497162,5651.59373063157,0.14586800336837769,,14.286,571.429,,,61.8,4
TTO,Trinidad and Tobago,Americas,,1367764,27.987285614013672,41.88539123535156,18308.4536298575,35.5359001159668,,0.105,682.105,,,50.9,3
TUN,Tunisia,Africa,,11972169,3.5194883346557617,38.81555938720703,3951.11683376921,31.737823486328125,0,3.946,560.357,,,59.4,3
TUR,Turkey,Asia,,85664944,7.519928455352783,580.6168212890625,13375.0947282864,486.944580078125,194.936767578125,42.009,493.699,0.375,0.42,61.5,4
TUV,Tuvalu,Oceania,,10643,1.96502685546875,0.012032798491418362,6344.7750188689,0.010940000414848328,,,,,,75.6,5
TWN,Taiwan,Asia,,23317031,12.36015510559082,284.25323486328125,,267.1268005371094,147.37489318847656,8.868,644.396,,,,
TZA,Tanzania,Africa,,68153004,2.6824686527252197,39.4449348449707,1224.00219726563,20.309608459472656,1.9783979654312134,25.501,371.585,,,65.8,4
UGA,Uganda,Africa,,45905417,1.2818547487258911,25.33517074584961,1002.30913917142,6.235860824584961,0,97.391,57.391,,,81.3,6
UKR,Ukraine,Europe,,32862000,5.93601655960083,189.36074829101562,5139.59814453125,139.32537841796875,54.7933235168457,19.733,256.21,,,62.9,4
UMI,United States Minor Outlying Islands,Americas,,0,,,,,,,,,,,
UNK,Kosovo,Europe,,1585566,,,,,,,,,,,
URY,Uruguay,Americas,,3499451,11.774551391601562,12.695549011230469,23019.4221560046,7.62693977355957,0.008097999729216099,92.003,115.683,,,80.4,6
USA,United States,North America,High income,340110988,17.696815490722656,5606.2431640625,81032.262117545,4918.40673828125,758.572021484375,22.679,392.848,0.312019,0.647313,54.8,3
UZB,Uzbekistan,Asia,,37859698,5.353109359741211,151.15200805664062,2878.96879292451,122.87201690673828,18.110841751098633,9.246,1121.18,,,54.5,3
VAT,Vatican City,Europe,,882,,,,,,,,,,,
VCT,Saint Vincent and the Grenadines,Americas,,110872,2.677035093307495,0.2912999987602234,10582.3656725229,0.24619899690151215,,13.333,600,,,61.7,4
VEN,Venezuela,Americas,,28517000,7.038132667541504,139.8105010986328,3617.43594578269,119.58776092529297,0.26735198497772217,78.382,180.251,,,75.3,5
VGB,British Virgin Islands,Americas,,39471,5.168976783752441,0.19221264123916626,,0.18538500368595123,,0,647.059,,,70.3,5
VIR,United States Virgin Islands,Americas,,87146,,,44320.909185774,,,2.985,641.791,,,54.4,3
VNM,Vietnam,Asia,,101343800,5.621842384338379,399.98358154296875,4323.35031982451,347.3987731933594,209.11436462402344,42.982,472.471,,,66.4,4
VUT,Vanuatu,Oceania,,321409,1.3408927917480469,0.30260875821113586,3482.61458237637,0.18845799565315247,,25,500,,,64.5,4
WLF,Wallis and Futuna,Oceania,,11620,,,,0.029174000024795532,,,,,,,
WSM,Samoa,Oceania,,205557,0.9737231135368347,0.28883323073387146,4822.74084650019,0.23484499752521515,,40,400,,,67.8,4
YEM,Yemen,Asia,,32684503,0.676114559173584,17.769941329956055,633.887202451545,10.141168594360352,0.4311789870262146,16.938,586.319,,,62.3,4
ZAF,South Africa,Africa,,63100945,8.564516067504883,507.2519836425781,6034.27208964673,436.60418701171875,363.60400390625,12.522,709.693,0.41,0.395,41.6,2
ZMB,Zambia,Africa,,19693423,4.767905235290527,21.136472702026367,1330.72780576709,11.830726623535156,5.875885963439941,89.003,110.997,,,79.2,5
ZWE,Zimbabwe,Africa,,17073087,1.8988440036773682,20.318185806274414,2195.22492079245,13.443294525146484,8.284867286682129,67.509,298.436,,,73.7,5
